month,adult_icu_bed_covid_utilization,inpatient_beds_utilization
01,0.0,0.42464200775675975
02,,0.4617794929228895
03,,0.5188181783614757
04,0.07689565967231964,0.5107725529610736
05,,0.6007936435965301
06,,0.6376894815067089
07,0.16534004755982945,0.6649269152052064
08,0.15125742295195782,0.663528716676685
09,0.11643170541114325,0.6616024643253124
10,0.13907037842104716,0.6809976878375759
11,0.229720467704864,0.6887339996358176
12,0.2842017342931505,0.7086867084814255
